<?xml version="1.0" encoding="UTF-8" standalone="yes"?>
<addon id="plugin.video.luminartstudio.matrix" version="0.0.9" name="[COLOR orange][B]LUMINART MTX[/B][/COLOR]" provider-name="[COLOR white][B]JOHN DOE[/B][/COLOR]">
    <requires>
        <import addon="xbmc.python" version="3.0.0"/>
        <import addon="script.module.requests"/>
        <import addon="script.module.simplejson"/>
	    <import addon="script.module.kodi-six" />
    </requires>
    <extension point="xbmc.python.pluginsource" library="default.py">
        <provides>video</provides>
    </extension>
    <extension point="xbmc.addon.metadata">
        <summary lang="en">SUA CONTRIBUIÇÃO INCENTIVA NOSSO TRABALHO</summary>
        <description lang="en">ACESSO - ENTRADAS VIP E FREE , AGRADECEMOS SUA CONTRIBUIÇÃO. NOSSO CONTATO: WhatsApp (48) 99194-1409</description>
        <platform>all</platform>
        <license>GNU GENERAL PUBLIC LICENSE. Version 3, 29 June 2007</license>
        <disclaimer lang="en">O LUMINART STUDIO É APENAS UM INDEXADOR DE LINKS COLETADOS NA WEB E ORGANIZADOS PARA USO RECREATIVO,SEM FINS COMERCIAIS NÃO ARMAZENAMOS ARQUIVOS, OU SOMOS RESPONSÁVEIS PELOS LINKS UTILIZADOS.</disclaimer>
        <assets>
            <icon>icon.png</icon>
            <fanart>fanart.jpg</fanart>
            <screenshot>resources/screenshots/home.jpg</screenshot>
            <screenshot>resources/screenshots/movies.jpg</screenshot>
            <screenshot>resources/screenshots/series.jpg</screenshot>
        </assets>
    </extension>
</addon>